{
 "n": 25,
 "mean": 0.02559002613103675,
 "ci95": [
  0.016549657702391862,
  0.038916048134936154
 ],
 "values": [
  0.01847840456172601,
  0.1612677822768481,
  0.024160136550546978,
  0.01847840456172601,
  0.0,
  0.02081163581974355,
  0.021221378364235505,
  0.017539535798967013,
  0.024160136550546978,
  0.0,
  0.035428686118173014,
  0.024160136550546978,
  0.024160136550546978,
  0.01847840456172601,
  0.01847840456172601,
  0.024160136550546978,
  0.0,
  0.04846098359243788,
  0.02081163581974355,
  0.0,
  0.02081163581974355,
  0.021221378364235505,
  0.035428686118173014,
  0.02081163581974355,
  0.021221378364235505
 ]
}