{
  "n_instances": 6,
  "budget": 4,
  "mock": false,
  "summary": [
    {
      "model": "qwen2.5:1.5b",
      "n": 6,
      "single_shot_pass1": 0.16666666666666666,
      "single_shot_pass1_ci": [
        0.03005258587173032,
        0.563509436563646
      ],
      "in_world_pass1": 0.16666666666666666,
      "in_world_pass_budget": 0.16666666666666666,
      "in_world_pass_budget_ci": [
        0.03005258587173032,
        0.563509436563646
      ],
      "delta_budget_minus_ss": 0.0,
      "mean_attempts": 3.5,
      "budget": 4
    },
    {
      "model": "qwen2.5:3b",
      "n": 6,
      "single_shot_pass1": 0.5,
      "single_shot_pass1_ci": [
        0.18761280689940874,
        0.8123871931005913
      ],
      "in_world_pass1": 0.5,
      "in_world_pass_budget": 0.5,
      "in_world_pass_budget_ci": [
        0.18761280689940874,
        0.8123871931005913
      ],
      "delta_budget_minus_ss": 0.0,
      "mean_attempts": 2.5,
      "budget": 4
    },
    {
      "model": "qwen2.5:7b",
      "n": 6,
      "single_shot_pass1": 1.0,
      "single_shot_pass1_ci": [
        0.6096569663469354,
        0.9999999999999999
      ],
      "in_world_pass1": 0.6666666666666666,
      "in_world_pass_budget": 0.8333333333333334,
      "in_world_pass_budget_ci": [
        0.43649056343635395,
        0.9699474141282697
      ],
      "delta_budget_minus_ss": -0.16666666666666666,
      "mean_attempts": 1.6666666666666667,
      "budget": 4
    }
  ],
  "results": [
    {
      "model": "qwen2.5:1.5b",
      "n": 6,
      "single_shot_pass1": 0.16666666666666666,
      "single_shot_pass1_ci": [
        0.03005258587173032,
        0.563509436563646
      ],
      "in_world_pass1": 0.16666666666666666,
      "in_world_pass_budget": 0.16666666666666666,
      "in_world_pass_budget_ci": [
        0.03005258587173032,
        0.563509436563646
      ],
      "delta_budget_minus_ss": 0.0,
      "mean_attempts": 3.5,
      "budget": 4,
      "pairs": [
        {
          "instance_id": "openworld-swebench-000-lru-cache-recency",
          "single_shot": {
            "instance_id": "openworld-swebench-000-lru-cache-recency",
            "condition": "single_shot",
            "solved": false,
            "solved_first_attempt": false,
            "attempts": 1,
            "regression_failures_seen": 0
          },
          "in_world": {
            "instance_id": "openworld-swebench-000-lru-cache-recency",
            "condition": "in_world",
            "solved": false,
            "solved_first_attempt": false,
            "attempts": 4,
            "regression_failures_seen": 3
          }
        },
        {
          "instance_id": "openworld-swebench-001-bank-overdraft",
          "single_shot": {
            "instance_id": "openworld-swebench-001-bank-overdraft",
            "condition": "single_shot",
            "solved": false,
            "solved_first_attempt": false,
            "attempts": 1,
            "regression_failures_seen": 0
          },
          "in_world": {
            "instance_id": "openworld-swebench-001-bank-overdraft",
            "condition": "in_world",
            "solved": false,
            "solved_first_attempt": false,
            "attempts": 4,
            "regression_failures_seen": 0
          }
        },
        {
          "instance_id": "openworld-swebench-002-interval-merge-unsorted",
          "single_shot": {
            "instance_id": "openworld-swebench-002-interval-merge-unsorted",
            "condition": "single_shot",
            "solved": true,
            "solved_first_attempt": true,
            "attempts": 1,
            "regression_failures_seen": 0
          },
          "in_world": {
            "instance_id": "openworld-swebench-002-interval-merge-unsorted",
            "condition": "in_world",
            "solved": true,
            "solved_first_attempt": true,
            "attempts": 1,
            "regression_failures_seen": 0
          }
        },
        {
          "instance_id": "openworld-swebench-003-rate-limiter-overfill",
          "single_shot": {
            "instance_id": "openworld-swebench-003-rate-limiter-overfill",
            "condition": "single_shot",
            "solved": false,
            "solved_first_attempt": false,
            "attempts": 1,
            "regression_failures_seen": 1
          },
          "in_world": {
            "instance_id": "openworld-swebench-003-rate-limiter-overfill",
            "condition": "in_world",
            "solved": false,
            "solved_first_attempt": false,
            "attempts": 4,
            "regression_failures_seen": 0
          }
        },
        {
          "instance_id": "openworld-swebench-004-tokenizer-drops-last",
          "single_shot": {
            "instance_id": "openworld-swebench-004-tokenizer-drops-last",
            "condition": "single_shot",
            "solved": false,
            "solved_first_attempt": false,
            "attempts": 1,
            "regression_failures_seen": 3
          },
          "in_world": {
            "instance_id": "openworld-swebench-004-tokenizer-drops-last",
            "condition": "in_world",
            "solved": false,
            "solved_first_attempt": false,
            "attempts": 4,
            "regression_failures_seen": 3
          }
        },
        {
          "instance_id": "openworld-swebench-005-inventory-oversell",
          "single_shot": {
            "instance_id": "openworld-swebench-005-inventory-oversell",
            "condition": "single_shot",
            "solved": false,
            "solved_first_attempt": false,
            "attempts": 1,
            "regression_failures_seen": 0
          },
          "in_world": {
            "instance_id": "openworld-swebench-005-inventory-oversell",
            "condition": "in_world",
            "solved": false,
            "solved_first_attempt": false,
            "attempts": 4,
            "regression_failures_seen": 0
          }
        }
      ]
    },
    {
      "model": "qwen2.5:3b",
      "n": 6,
      "single_shot_pass1": 0.5,
      "single_shot_pass1_ci": [
        0.18761280689940874,
        0.8123871931005913
      ],
      "in_world_pass1": 0.5,
      "in_world_pass_budget": 0.5,
      "in_world_pass_budget_ci": [
        0.18761280689940874,
        0.8123871931005913
      ],
      "delta_budget_minus_ss": 0.0,
      "mean_attempts": 2.5,
      "budget": 4,
      "pairs": [
        {
          "instance_id": "openworld-swebench-000-lru-cache-recency",
          "single_shot": {
            "instance_id": "openworld-swebench-000-lru-cache-recency",
            "condition": "single_shot",
            "solved": true,
            "solved_first_attempt": true,
            "attempts": 1,
            "regression_failures_seen": 0
          },
          "in_world": {
            "instance_id": "openworld-swebench-000-lru-cache-recency",
            "condition": "in_world",
            "solved": true,
            "solved_first_attempt": true,
            "attempts": 1,
            "regression_failures_seen": 0
          }
        },
        {
          "instance_id": "openworld-swebench-001-bank-overdraft",
          "single_shot": {
            "instance_id": "openworld-swebench-001-bank-overdraft",
            "condition": "single_shot",
            "solved": true,
            "solved_first_attempt": true,
            "attempts": 1,
            "regression_failures_seen": 0
          },
          "in_world": {
            "instance_id": "openworld-swebench-001-bank-overdraft",
            "condition": "in_world",
            "solved": true,
            "solved_first_attempt": true,
            "attempts": 1,
            "regression_failures_seen": 0
          }
        },
        {
          "instance_id": "openworld-swebench-002-interval-merge-unsorted",
          "single_shot": {
            "instance_id": "openworld-swebench-002-interval-merge-unsorted",