{
 "expert_error_1": 0.35889585336255136,
 "expert_error_100": 0.038399579841488195,
 "expert_consultations": 4,
 "amateur_trials_mean": 413.09,
 "final_tension": 0.0,
 "rho": 0.5
}