{
  "horizon": 120,
  "warmup": 12,
  "changes": [
    40,
    80
  ],
  "regimes": [
    [
      30,
      2
    ],
    [
      75,
      4
    ],
    [
      10,
      3
    ]
  ],
  "window": 10,
  "scored_steps": 108,
  "perfect_perception": {
    "static_frozen": {
      "errors": 80,
      "accuracy": 0.25925925925925924,
      "recovery_lag": {
        "40": null,
        "80": null
      }
    },
    "window_1nn": {
      "errors": 37,
      "accuracy": 0.6574074074074074,
      "recovery_lag": {
        "40": 12,
        "80": 22
      }
    },
    "symbolic_refit": {
      "errors": 6,
      "accuracy": 0.9444444444444444,
      "recovery_lag": {
        "40": 1,
        "80": 1
      }
    },
    "oracle_switch": {
      "errors": 0,
      "accuracy": 1.0,
      "recovery_lag": {
        "40": 0,
        "80": 0
      }
    }
  },
  "noisy_perception": {
    "static_frozen": {
      "errors": 84,
      "accuracy": 0.2222222222222222,
      "recovery_lag": {
        "40": null,
        "80": null
      }
    },
    "window_1nn": {
      "errors": 40,
      "accuracy": 0.6296296296296297,
      "recovery_lag": {
        "40": 12,
        "80": 24
      }
    },
    "symbolic_refit": {
      "errors": 24,
      "accuracy": 0.7777777777777778,
      "recovery_lag": {
        "40": 2,
        "80": 4
      }
    },
    "oracle_switch": {
      "errors": 16,
      "accuracy": 0.8518518518518519,
      "recovery_lag": {
        "40": 1,
        "80": 3
      }
    }
  },
  "timeline": {
    "static_frozen": [
      1,
      1,
      1,
      1,
      1,
      1,
      1,
      1,
      1,
      1,
      1,
      1,
      1,
      1,
      1,
      1,
      1,
      1,
      1,
      1,
      1,
      1,
      1,
      1,
      1,
      1,
      1,
      1,
      0,
      0,
      0,
      0,
      0,
      0,
      0,
      0,
      0,
      0,
      0,
      0,
      0,
      0,
      0,
      0,
      0,
      0,
      0,
      0,
      0,
      0,
      0,
      0,
      0,
      0,
      0,
      0,
      0,
      0,
      0,
      0,
      0,
      0,
      0,
      0,
      0,
      0,
      0,
      0,
      0,
      0,
      0,
      0,
      0,
      0,
      0,
      0,
      0,
      0,
      0,
      0,
      0,
      0,
      0,
      0,
      0,
      0,
      0,
      0,
      0,
      0,
      0,
      0,
      0,
      0,
      0,
      0,
      0,
      0,
      0,
      0,
      0,
      0,
      0,
      0,
      0,
      0,
      0,
      0
    ],
    "window_1nn": [
      0,
      0,
      0,
      1,
      1,
      1,
      1,
      1,
      1,
      1,
      1,
      1,
      1,
      1,
      1,
      1,
      1,
      1,
      1,
      1,
      1,
      1,
      1,
      1,
      1,
      1,
      1,
      1,
      0,
      0,
      0,
      0,
      0,
      0,
      0,
      0,
      0,
      0,
      0,
      0,
      1,
      1,
      1,
      1,
      1,
      1,
      1,
      1,
      1,
      1,
      1,
      1,
      1,
      1,
      1,
      1,
      1,
      1,
      1,
      1,
      1,
      1,
      1,
      1,
      1,
      1,
      1,
      1,
      0,
      0,
      0,
      0,
      0,
      0,
      0,
      0,
      0,
      0,
      0,
      0,
      0,
      0,
      0,
      0,
      0,
      0,
      0,
      0,
      0,
      0,
      1,
      1,
      1,
      1,
      1,
      1,
      1,
      1,
      1,
      1,
      1,
      1,
      1,
      1,
      1,
      1,
      1,
      1
    ],
    "symbolic_refit": [
      1,
      1,
      1,
      1,
      1,
      1,
      1,
      1,
      1,
      1,
      1,
      1,
      1,
      1,
      1,
      1,
      1,
      1,
      1,
      1,
      1,
      1,
      1,
      1,
      1,
      1,
      1,
      1,
      0,
      1,
      1,
      1,
      1,
      1,
      1,
      1,
      1,
      1,
      1,
      0,
      0,
      1,
      1,
      1,
      1,
      1,
      1,
      1,
      1,
      1,
      1,
      1,
      1,
      1,
      1,
      1,
      1,
      1,
      1,
      1,
      1,
      1,
      1,
      1,
      1,
      1,
      1,
      1,
      0,
      1,
      1,
      1,
      1,
      1,
      1,
      1,
      1,
      1,
      1,
      1,
      1,
      1,
      1,
      1,
      1,
      1,
      1,
      1,
      1,
      0,
      0,
      1,
      1,
      1,
      1,
      1,
      1,
      1,
      1,
      1,
      1,
      1,
      1,
      1,
      1,
      1,
      1,
      1
    ],
    "oracle_switch": [
      1,
      1,
      1,
      1,
      1,
      1,
      1,
      1,
      1,
      1,
      1,
      1,
      1,
      1,
      1,
      1,
      1,
      1,
      1,
      1,
      1,
      1,
      1,
      1,
      1,
      1,
      1,
      1,
      1,
      1,
      1,
      1,
      1,
      1,
      1,
      1,
      1,
      1,
      1,
      1,
      1,
      1,
      1,
      1,
      1,
      1,
      1,
      1,
      1,
      1,
      1,
      1,
      1,
      1,
      1,
      1,
      1,
      1,
      1,
      1,
      1,
      1,
      1,
      1,
      1,
      1,
      1,
      1,
      1,
      1,
      1,
      1,
      1,
      1,
      1,
      1,
      1,
      1,
      1,
      1,
      1,
      1,
      1,
      1,
      1,
      1,
      1,
      1,
      1,
      1,
      1,
      1,
      1,
      1,
      1,
      1,
      1,
      1,
      1,
      1,
      1,
      1,
      1,
      1,
      1,
      1,
      1,
      1
    ]
  },
  "experiment": "e41_nonstationary",
  "timestamp": "2026-06-13T13:01:29",
  "platform": "macOS-26.5-arm64-arm-64bit"
}