{
  "experiment": "ll-listfn",
  "base": "Qwen/Qwen2.5-7B-Instruct",
  "ks": [
    0,
    1,
    2,
    4,
    8
  ],
  "per_world": {
    "c054": {
      "kll": {
        "0": -1.1255993184805515,
        "1": -0.7515517699688395,
        "2": -0.5126707392788894,
        "4": -0.23557326150381247,
        "8": -0.109128017124092
      },
      "depth": 18
    },
    "c185": {
      "kll": {
        "0": -3.212703544059734,
        "1": -1.5939693657524416,
        "2": -1.2404219022518765,
        "4": -0.627694963726587,
        "8": -0.5533967904691949
      },
      "depth": 11
    },
    "c074": {
      "kll": {
        "0": -4.570197947944204,
        "1": -2.7636038515716788,
        "2": -1.3631614649047452,
        "4": -1.464542268961668,
        "8": -0.9020054270823796
      },
      "depth": 3
    },
    "c184": {
      "kll": {
        "0": -2.882853962280429,
        "1": -2.335586680873082,
        "2": -2.5260200736041254,
        "4": -1.5185137442384775,
        "8": -1.278401654185011
      },
      "depth": 11
    },
    "c188": {
      "kll": {
        "0": -0.8193596616706728,
        "1": -0.4445665215388959,
        "2": -0.5844159875454624,
        "4": -0.5545602214206653,
        "8": -0.26464703002403533
      },
      "depth": 24
    },
    "c138": {
      "kll": {
        "0": -2.068762162428547,
        "1": -2.5870925443615893,
        "2": -2.704651282806903,
        "4": -3.0461344547461775,
        "8": -3.0597454889529
      },
      "depth": 8
    },
    "c065": {
      "kll": {
        "0": -1.6710635628708719,
        "1": -0.6698179232188969,
        "2": -0.17180130088428164,
        "4": -0.015518447528905074,
        "8": -0.0007540207668255712
      },
      "depth": 24
    },
    "c059": {
      "kll": {
        "0": -0.49366553194218116,
        "1": -0.2973810328598028,
        "2": -0.11430705506947456,
        "4": -0.10072956930485304,
        "8": -0.1247736120272912
      },
      "depth": 27
    },
    "c110": {
      "kll": {
        "0": -0.8304476889116423,
        "1": -0.843868673935769,
        "2": -0.9161454929955423,
        "4": -0.28942384734040216,
        "8": -0.34864918426388786
      },
      "depth": 7
    },
    "c142": {
      "kll": {
        "0": -1.0760498819030537,
        "1": -0.9454809180290266,
        "2": -0.5944748468762002,
        "4": -0.1295103269694112,
        "8": -0.044960660907304294
      },
      "depth": 30
    },
    "c079": {
      "kll": {
        "0": -1.5654196023941038,
        "1": -1.2845772385597227,
        "2": -0.6252637118101122,
        "4": -0.004007488489151001,
        "8": -1.6927719116210937e-06
      },
      "depth": 3
    },
    "c164": {
      "kll": {
        "0": -1.531132819969207,
        "1": -0.9670311856394012,
        "2": -0.8227793100600441,
        "4": -0.5076522847844495,
        "8": -0.4318650828777916
      },
      "depth": 28
    },
    "c135": {
      "kll": {
        "0": -1.363356563939432,
        "1": -0.94340402218931,
        "2": -0.6880640059232874,
        "4": -0.40327175140183946,
        "8": -0.38282704799953154
      },
      "depth": 17
    },
    "c186": {
      "kll": {
        "0": -2.033864169402255,
        "1": -1.5030271649833709,
        "2": -1.584253567114236,
        "4": -1.188032077595828,
        "8": -1.196608759782144
      },
      "depth": 12
    },
    "c154": {
      "kll": {
        "0": -0.9457732681208733,
        "1": -1.0112912585740554,
        "2": -0.8786925389214915,
        "4": -0.41626127502043164,
        "8": -0.3733929272239408
      },
      "depth": 33
    },
    "c017": {
      "kll": {
        "0": -0.9735722278546459,
        "1": -0.809778690903378,
        "2": -0.6376743776325099,
        "4": -0.07330097510040223,
        "8": -0.009858937066386304
      },
      "depth": 12
    },
    "c189": {
      "kll": {
        "0": -1.0612339224210579,
        "1": -0.3675912588270919,
        "2": -0.15241149805124773,
        "4": -0.15357665400780698,
        "8": -0.03993656806783883
      },
      "depth": 21
    },
    "c113": {
      "kll": {
        "0": -2.2049452098998943,
        "1": -1.9768601991588124,
        "2": -2.1255824136096533,
        "4": -1.933907817913453,
        "8": -1.7050335100285117
      },
      "depth": 11
    },
    "c144": {
      "kll": {
        "0": -0.8762169773706425,
        "1": -1.260208970049581,
        "2": -1.0370467245503547,
        "4": -1.2064512127768048,
        "8": -0.46532682825843474
      },
      "depth": 29
    },
    "c193": {
      "kll": {
        "0": -1.4102715741408167,
        "1": -1.0179433196110563,
        "2": -0.7213069723614409,
        "4": -0.7091525355983087,
        "8": -0.8022913797907523
      },
      "depth": 27
    },
    "c187": {
      "kll": {
        "0": -1.0758150456254238,
        "1": -0.0006318168417277654,
        "2": -1.5449315801031342e-07,
        "4": -1.397951835545797e-07,
        "8": -9.803774511886693e-08
      },
      "depth": 31
    },
    "c156": {
      "kll": {
        "0": -1.9776001868196362,
        "1": -1.7148683442984292,
        "2": -1.5795109719916984,
        "4": -1.4276390383124813,
        "8": -1.3129592888899673
      },
      "depth": 31
    },
    "c134": {
      "kll": {
        "0": -1.8280122756528852,
        "1": -1.6700104915360312,
        "2": -1.7533293722555958,
        "4": -1.217212636717284,
        "8": -1.1030745201639593
      },
      "depth": 12
    },
    "c006": {
      "kll": {
        "0": -2.403620494529605,
        "1": -0.013418897986412048,
        "2": -0.0008187983185052872,
        "4": -0.03320418484508991,
        "8": -4.129484295845032e-06
      },
      "depth": 6
    },
    "c229": {
      "kll": {
        "0": -2.5894019045508068,
        "1": -1.5683729426683628,
        "2": -1.7626754937160534,
        "4": -1.1357483365366408,
        "8": -0.8461808677361712
      },
      "depth": 12
    },
    "c174": {
      "kll": {
        "0": -0.6032100828605216,
        "1": -0.6587309412516046,
        "2": -0.6187025905444773,
        "4": -0.31063319471612105,
        "8": -0.291365039758978
      },
      "depth": 23
    },
    "c025": {
      "kll": {
        "0": -1.5407944836723675,
        "1": -0.35628681562879694,
        "2": -0.1047290085497822,
        "4": -0.03236200601140209,
        "8": -0.021788856951841504
      },
      "depth": 24
    },
    "c051": {
      "kll": {
        "0": -1.3860956662770905,
        "1": -0.5297970404302469,
        "2": -0.35761263335124704,
        "4": -0.14754324655741713,
        "8": -0.09000626913637805
      },
      "depth": 27
    },
    "c012": {
      "kll": {
        "0": -2.80052658640074,
        "1": -0.723275908669739,
        "2": -1.518109097117276,
        "4": -0.06074361216389772,
        "8": -0.07041406712748786
      },
      "depth": 9
    },
    "c098": {
      "kll": {
        "0": -1.5259016541876544,
        "1": -1.0265588882908214,
        "2": -0.6764679041495983,
        "4": -0.6555126151811488,
        "8": -0.3587612736218567
      },
      "depth": 25
    },
    "c107": {
      "kll": {
        "0": -0.5851060660354565,
        "1": -0.47716341249175176,
        "2": -0.15584051365434537,
        "4": -0.06177545984033025,
        "8": -0.003367438021974237
      },
      "depth": 19
    },
    "c206": {
      "kll": {
        "0": -1.3343063989173067,
        "1": -0.7734472675418312,
        "2": -0.5509291610695304,
        "4": -0.6128367154938297,
        "8": -0.507355445899166
      },
      "depth": 12
    },
    "c093": {
      "kll": {
        "0": -0.7430744847016675,
        "1": -0.09721654553764633,
        "2": -0.060502121735009406,
        "4": -0.0006406529850903012,
        "8": -0.0006750363280021009
      },
      "depth": 40
    },
    "c150": {
      "kll": {
        "0": -0.2986424345949088,
        "1": -0.5510460406274441,
        "2": -0.38666118242073255,
        "4": -0.13701655729744336,