{
  "experiment": "ll-clrs",
  "base": "Qwen/Qwen2.5-7B-Instruct",
  "ks": [
    0,
    1,
    2,
    4,
    8
  ],
  "per_world": {
    "kmp_matcher": {
      "kll": {
        "0": -3.5754398271858814,
        "1": -4.389037534130192,
        "2": -4.62839841590819,
        "4": -4.526837188885495,
        "8": -4.681126527445843
      },
      "depth": 34
    },
    "lcs_length": {
      "kll": {
        "0": -1.178177649961771,
        "1": -0.72991095488401,
        "2": -0.5714921940372888,
        "4": -0.5145937681518794,
        "8": -0.48906533476382835
      },
      "depth": 173
    },
    "jarvis_march": {
      "kll": {
        "0": -0.5297837714337729,
        "1": -0.26628687053089933,
        "2": -0.2536496227838032,
        "4": -0.2312691446658824,
        "8": -0.20998009333200948
      },
      "depth": 313
    },
    "bubble_sort": {
      "kll": {
        "0": -0.552271807155528,
        "1": -0.33417263139126346,
        "2": -0.28845552347738246,
        "4": -0.2248595729432858,
        "8": -0.18979687900265896
      },
      "depth": 321
    },
    "articulation_points": {
      "kll": {
        "0": -0.5343276382247777,
        "1": -0.28471786860312154,
        "2": -0.27213976058266565,
        "4": -0.24413859634476856,
        "8": -0.22200700906553114
      },
      "depth": 256
    },
    "binary_search": {
      "kll": {
        "0": -2.4689255789905875,
        "1": -1.4963448339759648,
        "2": -1.4242562997738333,
        "4": -1.3371691983712262,
        "8": -1.261893326233094
      },
      "depth": 51
    },
    "mst_kruskal": {
      "kll": {
        "0": -0.8262698844138681,
        "1": -0.5945117925859487,
        "2": -0.6269646823363789,
        "4": -0.41918287516615516,
        "8": -0.3855593989222297
      },
      "depth": 194
    },
    "floyd_warshall": {
      "kll": {
        "0": -1.0613676751461316,
        "1": -0.5497084454099891,
        "2": -0.515758059858982,
        "4": -0.5272716999412744,
        "8": -0.4427164072096432
      },
      "depth": 139
    },
    "quicksort": {
      "kll": {
        "0": -0.5300552853520971,
        "1": -0.28835645377472185,
        "2": -0.290890153161421,
        "4": -0.20519597154854866,
        "8": -0.2054580282318267
      },
      "depth": 232
    },
    "topological_sort": {
      "kll": {
        "0": -0.9425829080838919,
        "1": -0.3916713554181972,
        "2": -0.3918815860638456,
        "4": -0.345793603855002,
        "8": -0.3120188101954259
      },
      "depth": 301
    },
    "bellman_ford": {
      "kll": {
        "0": -1.250503461665925,
        "1": -0.9721941394989477,
        "2": -0.9647418174377599,
        "4": -1.0418217645751104
      },
      "depth": 268
    },
    "bfs": {
      "kll": {
        "0": -1.7131871388365651,
        "1": -1.4704859608534855,
        "2": -1.546175583703791,
        "4": -1.248260592159472
      },
      "depth": 156
    },
    "dag_shortest_paths": {
      "kll": {
        "0": -0.90055371927257,
        "1": -0.46745747011943095,
        "2": -0.43439523352597875,
        "4": -0.4833395404400706
      },
      "depth": 301
    },
    "minimum": {
      "kll": {
        "0": -1.1252487635521344,
        "1": -0.7011365805168776,
        "2": -0.649682206216988,
        "4": -0.6872733780181841,
        "8": -0.6207372672958479
      },
      "depth": 131
    },
    "find_maximum_subarray_kadane": {
      "kll": {
        "0": -1.1168452188537106,
        "1": -0.6573025758779004,
        "2": -0.8000361206233164,
        "4": -0.7138125730777416,
        "8": -0.6302610432835034
      },
      "depth": 251
    },
    "dfs": {
      "kll": {
        "0": -0.8369044703249936,
        "1": -0.41113703156716996,
        "2": -0.3827328480846229,
        "4": -0.32226227689499876,
        "8": -0.3097148890376827
      },
      "depth": 256
    },
    "mst_prim": {
      "kll": {
        "0": -1.2839415688707654,
        "1": -1.070511729767052,
        "2": -1.0292610662034738,
        "4": -0.9741796479973833,
        "8": -1.0939370937602284
      },
      "depth": 231
    },
    "naive_string_matcher": {
      "kll": {
        "0": -2.3038099122944242,
        "1": -1.6080032422658108,
        "2": -1.8023425958573118,
        "4": -1.5406816687095959,
        "8": -1.483144658563689
      },
      "depth": 46
    },
    "activity_selector": {
      "kll": {
        "0": -1.288425055345176,
        "1": -0.6560107085696651,
        "2": -0.6957784884271683,
        "4": -0.6210208785912104,
        "8": -0.5667225291494395
      },
      "depth": 153
    },
    "segments_intersect": {
      "kll": {
        "0": -12.303711395710707,
        "1": -9.752812970429659,
        "2": -9.959462471306324,
        "4": -10.057328168302774,
        "8": -9.64637055248022
      },
      "depth": 3
    },
    "task_scheduling": {
      "kll": {
        "0": -0.7625779996257768,
        "1": -0.3940631124194116,
        "2": -0.41619899492960927,
        "4": -0.343922196240414,
        "8": -0.31805129658254794
      },
      "depth": 231
    },
    "strongly_connected_components": {
      "kll": {
        "0": -0.5145943936014521,
        "1": -0.18274833247775124,
        "2": -0.16298657252798415,
        "4": -0.1533444285948084,
        "8": -0.1440074587429779
      },
      "depth": 254
    },
    "quickselect": {
      "kll": {
        "0": -1.4052116006445257,
        "1": -0.9448144525843412,
        "2": -0.9191479570082055,
        "4": -0.8369249312236431,
        "8": -0.6143952088321244
      },
      "depth": 136
    },
    "graham_scan": {
      "kll": {
        "0": -1.061391788871707,
        "1": -0.6425990178228663,
        "2": -0.7077333677785577,
        "4": -0.6149853568637691,
        "8": -0.5077214370143608
      },
      "depth": 151
    },
    "insertion_sort": {
      "kll": {
        "0": -0.7562702591137281,
        "1": -0.4536992712028871,
        "2": -0.4007744048778856,
        "4": -0.34915754560106627,
        "8": -0.2906331764764592
      },
      "depth": 133
    },
    "optimal_bst": {
      "kll": {
        "0": -0.62000263619316,
        "1": -0.23311170521338423,
        "2": -0.19711364979433907,
        "4": -0.17268229686893158,
        "8": -0.1769159250462536
      },
      "depth": 269
    },
    "matrix_chain_order": {
      "kll": {
        "0": -0.7764676958463841,
        "1": -0.39017959132862423,
        "2": -0.35167358104532526,
        "4": -0.3140146639736836,
        "8": -0.2953601441891205
      },
      "depth": 277
    },
    "heapsort": {
      "kll": {
        "0": -0.4306261025897934,
        "1": -0.21542209284461913,
        "2": -0.1965127840706883,
        "4": -0.12832695451950082,
        "8": -0.1210194878291362
      },
      "depth": 352
    },
    "dijkstra": {
      "kll": {
        "0": -2.075508039892219,
        "1": -2.175622184701451,
        "2": -1.4200021218044485,
        "4": -1.1956389336023303,
        "8": -0.7064510081943712
      },
      "depth": 76
    }
  }
}