{
  "experiment": "ll-tabular",
  "base": "Qwen/Qwen2.5-7B-Instruct",
  "ks": [
    0,
    1,
    2,
    4,
    8
  ],
  "per_world": {
    "tab_dresses-sales": {
      "kll": {
        "0": -5.393479824066162,
        "1": -1.4952695667743683,
        "2": -0.7560887485742569,
        "4": -1.6419523855050404,
        "8": -2.18288133541743
      },
      "depth": 1
    },
    "tab_mnist_784": {
      "kll": {
        "0": -6.070356746514639,
        "1": -6.343758478760719,
        "2": -5.1434565385182704,
        "4": -4.005902697642645,
        "8": -4.684919059276581
      },
      "depth": 1
    },
    "tab_qsar-biodeg": {
      "kll": {
        "0": -2.524771640698115,
        "1": -0.4955356568098068,
        "2": -0.821281224489212,
        "4": -0.5377969294786452,
        "8": -0.8671955664952595
      },
      "depth": 1
    },
    "tab_jungle_chess_2pcs_ra": {
      "kll": {
        "0": -4.094401652614276,
        "1": -1.6060704638560614,
        "2": -1.7667074948549273,
        "4": -1.4528043319781623,
        "8": -1.3034593562285106
      },
      "depth": 1
    },
    "tab_car": {
      "kll": {
        "0": -1.078340201328198,
        "1": -0.2139812409877777,
        "2": -0.06591056908170383,
        "4": -0.20488904540737468,
        "8": -0.2877255243559678
      },
      "depth": 5
    },
    "tab_kc1": {
      "kll": {
        "0": -4.210891331235568,
        "1": -0.5965053538481394,
        "2": -1.6202174027760823,
        "4": -0.004399826129277548,
        "8": -0.7219355553388596
      },
      "depth": 5
    },
    "tab_balance-scale": {
      "kll": {
        "0": -4.492839763561885,
        "1": -1.3809972455104191,
        "2": -0.39220428466796875,
        "4": -1.8715052555004756,
        "8": -1.6267938266197841
      },
      "depth": 1
    },
    "tab_kc2": {
      "kll": {
        "0": -4.314703807234764,
        "1": -0.6632841825485231,
        "2": -0.6432495961586634,
        "4": -0.344724898537,
        "8": -0.7297036051750182
      },
      "depth": 2
    },
    "tab_mfeat-fourier": {
      "kll": {
        "0": -3.40106267730395,
        "1": -5.281264101465544,
        "2": -3.095392008622487,
        "4": -2.1328338931004205,
        "8": -2.2739395946264267
      },
      "depth": 1
    },
    "tab_mfeat-morphological": {
      "kll": {
        "0": -3.5104657461245856,
        "1": -3.58530001839002,
        "2": -0.5390703727801641,
        "4": -1.5038356830676396,
        "8": -3.402353932460149
      },
      "depth": 1
    },
    "tab_credit-g": {
      "kll": {
        "0": -0.6704430629809698,
        "1": -1.9922610719998677,
        "2": -3.663717304666837,
        "4": -3.517420932650566,
        "8": -2.477809647719065
      },
      "depth": 4
    },
    "tab_vehicle": {
      "kll": {
        "0": -7.5235705599188805,
        "1": -3.641109505047401,
        "2": -4.0341932003696765,
        "4": -2.069193655004104,
        "8": -1.3224471993744373
      },
      "depth": 4
    },
    "tab_analcatdata_authorsh": {
      "kll": {
        "0": -5.621198953439793,
        "1": -3.2310554695626097,
        "2": -1.9030977614223956,
        "4": -1.4211731197933357,
        "8": -0.8801040676732859
      },
      "depth": 6
    },
    "tab_analcatdata_dmft": {
      "kll": {
        "0": -6.025503490084694,
        "1": -6.839749562882242,
        "2": -5.614696925594693,
        "4": -6.214184434640975,
        "8": -3.304655473289036
      },
      "depth": 9
    },
    "tab_churn": {
      "kll": {
        "0": -2.593127215902011,
        "1": -0.7089443703492482,
        "2": -1.547859494884809,
        "4": -0.7692466030518215,
        "8": -1.2299039711554844
      },
      "depth": 1
    },
    "tab_GesturePhaseSegmenta": {
      "kll": {
        "0": -3.518663108348847,
        "1": -4.380247781674067,
        "2": -3.7500747789939246,
        "4": -4.321979120373726,
        "8": -3.5159539779027305
      },
      "depth": 1
    },
    "tab_cnae-9": {
      "kll": {
        "0": -4.428406889239946,
        "1": -6.925795798500379,
        "2": -5.209732934832573,
        "4": -4.269543389479319,
        "8": -3.1486193786064787
      },
      "depth": 1
    },
    "tab_nomao": {
      "kll": {
        "0": -1.9075754880905151,
        "1": -0.7554375926653544,
        "2": -2.356864720582962,
        "4": -1.3971524337927497,
        "8": -1.2708435157934825
      },
      "depth": 1
    },
    "tab_segment": {
      "kll": {
        "0": -4.896848586698374,
        "1": -4.750621549785138,
        "2": -5.23149382447203,
        "4": -2.72233226398627,
        "8": -4.085950589428346
      },
      "depth": 6
    },
    "tab_Fashion-MNIST": {
      "kll": {
        "0": -5.755251626173655,
        "1": -3.953504045804342,
        "2": -3.7919889191786442,
        "4": -4.0670687059561415,
        "8": -3.2613043834765754
      },
      "depth": 1
    },
    "tab_ozone-level-8hr": {
      "kll": {
        "0": -2.0026408582925797,
        "1": -0.01455509662628174,
        "2": -0.0205114334821701,
        "4": -0.657014489173889,
        "8": -0.0964215099811554
      },
      "depth": 1
    },
    "tab_texture": {
      "kll": {
        "0": -3.981163162738085,
        "1": -5.028672474126021,
        "2": -2.601161026706298,
        "4": -2.7730479153494043,
        "8": -2.5199302323162556
      },
      "depth": 1
    },
    "tab_semeion": {
      "kll": {
        "0": -3.2858469560742383,
        "1": -2.3700397610664368,
        "2": -2.9359545658032102,
        "4": -2.4190308824181552,
        "8": -2.6313146725296974
      },
      "depth": 1
    },
    "tab_pc3": {
      "kll": {
        "0": -3.605881109833718,
        "1": -0.7098051657279334,
        "2": -0.8623766452074052,
        "4": -0.35598140458265937,
        "8": -0.00036425888538360596
      },
      "depth": 5
    },
    "tab_electricity": {
      "kll": {
        "0": -6.351079985499382,
        "1": -0.15639958282311758,
        "2": -1.149830386042595,
        "4": -1.431170791387558,
        "8": -1.463821883002917
      },
      "depth": 4
    },
    "tab_jm1": {
      "kll": {
        "0": -4.199431225657463,
        "1": -0.5870973517497381,
        "2": -0.659640337030093,
        "4": -1.3231382369995117,
        "8": -1.3646959016720455
      },
      "depth": 5
    },
    "tab_numerai28.6": {
      "kll": {
        "0": -1.8597193161646526,
        "1": -0.7947009454170862,
        "2": -2.371905242403348,
        "4": -0.866524855295817,
        "8": -0.4839561929305395
      },
      "depth": 1
    },
    "tab_madelon": {
      "kll": {
        "0": -1.0970509946346283,
        "1": -0.8513128260771434,
        "2": -0.9048920422792435,
        "4": -0.7620313266913095,
        "8": -0.8853297978639603
      },
      "depth": 1
    },
    "tab_eucalyptus": {
      "kll": {
        "0": -4.919365932544073,
        "1": -3.878756125768026,
        "2": -4.000518247485161,
        "4": -3.357948834697406,
        "8": -2.8042986442645392
      },
      "depth": 4
    },
    "tab_connect-4": {
      "kll": {
        "0": -2.60419229666392,
        "1": -1.9039633671442668,
        "2": -2.1725202898184457,
        "4": -1.2491422245899837,
        "8": -0.8501994063456854
      },
      "depth": 1
    }
  }
}