{
  "experiment": "crossworld-listfn",
  "base": "Qwen/Qwen2.5-7B-Instruct",
  "seed": 2,
  "n_train_worlds": 128,
  "n_eval_worlds": 60,
  "steps": 350,
  "rows_per_world": 20,
  "per_world": {
    "base": {
      "c168": 0.0,
      "c042": 0.0,
      "c072": 0.0,
      "c089": 0.0,
      "c036": 0.0,
      "c129": 0.0,
      "c112": 0.0,
      "c165": 0.0,
      "c045": 0.0,
      "c049": 0.0,
      "c156": 0.0,
      "c114": 0.0,
      "c100": 0.0,
      "c149": 0.0,
      "c222": 0.0,
      "c148": 0.0,
      "c189": 0.0,
      "c094": 0.0,
      "c158": 0.0,
      "c174": 0.0,
      "c187": 0.0,
      "c182": 0.0,
      "c097": 0.0,
      "c249": 0.0,
      "c115": 0.0,
      "c201": 0.0,
      "c157": 0.0,
      "c088": 0.0,
      "c020": 0.0,
      "c223": 0.0,
      "c247": 0.0,
      "c205": 0.0,
      "c105": 0.0,
      "c134": 0.0,
      "c230": 0.0,
      "c190": 0.0,
      "c110": 0.0,
      "c118": 0.0,
      "c024": 0.0,
      "c229": 0.0,
      "c204": 0.0,
      "c193": 0.0,
      "c219": 0.0,
      "c245": 0.0,
      "c106": 0.0,
      "c159": 0.0,
      "c237": 0.0,
      "c104": 0.0,
      "c194": 0.0,
      "c087": 0.0,
      "c179": 0.0,
      "c155": 0.0,
      "c019": 0.0,
      "c240": 0.0,
      "c224": 0.0,
      "c210": 0.0,
      "c002": 0.0,
      "c055": 0.0,
      "c012": 0.0,
      "c192": 0.0
    },
    "crossworld": {
      "c168": 0.0,
      "c042": 1.0,
      "c072": 1.0,
      "c089": 0.5,
      "c036": 0.8333333333333334,
      "c129": 0.0,
      "c112": 0.5,
      "c165": 0.0,
      "c045": 1.0,
      "c049": 0.6666666666666666,
      "c156": 0.0,
      "c114": 0.6666666666666666,
      "c100": 0.6666666666666666,
      "c149": 0.3333333333333333,
      "c222": 0.5,
      "c148": 0.0,
      "c189": 0.8333333333333334,
      "c094": 0.3333333333333333,
      "c158": 0.16666666666666666,
      "c174": 0.16666666666666666,
      "c187": 1.0,
      "c182": 0.3333333333333333,
      "c097": 1.0,
      "c249": 0.0,
      "c115": 0.0,
      "c201": 0.0,
      "c157": 0.0,
      "c088": 0.16666666666666666,
      "c020": 1.0,
      "c223": 0.0,
      "c247": 0.3333333333333333,
      "c205": 0.3333333333333333,
      "c105": 0.16666666666666666,
      "c134": 0.0,
      "c230": 0.6666666666666666,
      "c190": 0.0,
      "c110": 0.3333333333333333,
      "c118": 0.0,
      "c024": 0.16666666666666666,
      "c229": 0.16666666666666666,
      "c204": 0.16666666666666666,
      "c193": 0.0,
      "c219": 0.0,
      "c245": 0.0,
      "c106": 1.0,
      "c159": 0.0,
      "c237": 0.0,
      "c104": 0.6666666666666666,
      "c194": 0.5,
      "c087": 0.6666666666666666,
      "c179": 0.0,
      "c155": 0.0,
      "c019": 0.6666666666666666,
      "c240": 0.5,
      "c224": 0.0,
      "c210": 0.0,
      "c002": 0.6666666666666666,
      "c055": 0.8333333333333334,
      "c012": 0.6666666666666666,
      "c192": 0.3333333333333333
    },
    "corrupt": {
      "c168": 0.0,
      "c042": 1.0,
      "c072": 0.0,
      "c089": 0.0,
      "c036": 0.0,
      "c129": 0.0,
      "c112": 0.16666666666666666,
      "c165": 0.0,
      "c045": 0.3333333333333333,
      "c049": 0.0,
      "c156": 0.0,
      "c114": 0.0,
      "c100": 0.0,
      "c149": 0.16666666666666666,
      "c222": 0.0,
      "c148": 0.16666666666666666,
      "c189": 0.0,
      "c094": 0.0,
      "c158": 0.0,
      "c174": 0.0,
      "c187": 0.3333333333333333,
      "c182": 0.0,
      "c097": 0.3333333333333333,
      "c249": 0.0,
      "c115": 0.0,
      "c201": 0.0,
      "c157": 0.0,
      "c088": 0.0,
      "c020": 0.0,
      "c223": 0.0,
      "c247": 0.0,
      "c205": 0.5,
      "c105": 0.0,
      "c134": 0.0,
      "c230": 0.0,
      "c190": 0.0,
      "c110": 0.0,
      "c118": 0.0,
      "c024": 0.0,
      "c229": 0.0,
      "c204": 0.0,
      "c193": 0.0,
      "c219": 0.0,
      "c245": 0.16666666666666666,
      "c106": 0.0,
      "c159": 0.0,
      "c237": 0.0,
      "c104": 0.0,
      "c194": 0.0,
      "c087": 0.0,
      "c179": 0.0,
      "c155": 0.0,
      "c019": 0.0,
      "c240": 0.6666666666666666,
      "c224": 0.0,
      "c210": 0.0,
      "c002": 0.0,
      "c055": 0.0,
      "c012": 0.0,
      "c192": 0.0
    }
  },
  "arms": {
    "base": {
      "acc": 0.0,
      "n_done": 60
    },
    "crossworld": {
      "acc": 0.3583,
      "n_done": 60
    },
    "corrupt": {
      "acc": 0.0639,
      "n_done": 60
    }
  },
  "base_samples": [
    {
      "world": "c168",
      "pred": "To infer the hidden rule, let's analyze the given examples:\n\n### Example 1\nInput: `[0, 57, 9, 28, 7, 5, 14, 77, 10, 61]`",
      "gold": "[1, 3, 4, 5, 6, 7, 8, 9, 10]"
    },
    {
      "world": "c042",
      "pred": "To infer the hidden rule, let's analyze the given examples:\n\n### Example 1\nInput: `[9, 0, 0, 0, 9]`\nOutput: `[5, 2]`\n\n##",
      "gold": "[5, 2]"
    },
    {
      "world": "c072",
      "pred": "The pattern in the examples suggests that each number in the input list is repeated twice in the output list. Let's appl",
      "gold": "[0, 0]"
    },
    {
      "world": "c089",
      "pred": "To infer the hidden rule from the given examples, let's analyze the patterns in the outputs:\n\n### Example 1:\n- Input: `[",
      "gold": "[8, 5, 48, 9, 0, 42, 70, 6]"
    },
    {
      "world": "c036",
      "pred": "To infer the hidden rule, let's analyze the given examples:\n\n### Example 1:\n- Input: `[6, 8, 2, 7, 1, 9, 4, 2]`\n- Output",
      "gold": "[3, 5, 9, 4, 0, 6, 8, 2]"
    },
    {
      "world": "c129",
      "pred": "To infer the hidden rule, let's analyze the given examples:\n\n### Example 1:\nInput: `[3, 5, 8, 79, 28, 4, 57, 89]`\nOutput",
      "gold": "[6, 5]"
    }
  ]
}