{
  "experiment": "crossworld-listfn",
  "base": "Qwen/Qwen2.5-7B-Instruct",
  "seed": 0,
  "n_train_worlds": 16,
  "n_eval_worlds": 60,
  "steps": 350,
  "rows_per_world": 20,
  "per_world": {
    "base": {
      "c063": 0.0,
      "c027": 0.0,
      "c190": 0.0,
      "c128": 0.0,
      "c081": 0.0,
      "c238": 0.0,
      "c149": 0.0,
      "c232": 0.0,
      "c243": 0.0,
      "c077": 0.0,
      "c075": 0.0,
      "c227": 0.0,
      "c039": 0.0,
      "c002": 0.0,
      "c192": 0.0,
      "c005": 0.0,
      "c169": 0.0,
      "c026": 0.0,
      "c082": 0.0,
      "c021": 0.0,
      "c067": 0.0,
      "c250": 0.0,
      "c053": 0.0,
      "c162": 0.0,
      "c045": 0.0,
      "c152": 0.0,
      "c091": 0.0,
      "c239": 0.0,
      "c060": 0.0,
      "c041": 0.0,
      "c034": 0.0,
      "c160": 0.0,
      "c116": 0.0,
      "c038": 0.0,
      "c004": 0.0,
      "c145": 0.0,
      "c136": 0.0,
      "c044": 0.0,
      "c062": 0.0,
      "c100": 0.0,
      "c014": 0.0,
      "c159": 0.0,
      "c057": 0.0,
      "c099": 0.0,
      "c216": 0.0,
      "c195": 0.0,
      "c141": 0.0,
      "c007": 0.0,
      "c096": 0.0,
      "c103": 0.0,
      "c137": 0.0,
      "c094": 0.0,
      "c095": 0.0,
      "c108": 0.0,
      "c221": 0.0,
      "c182": 0.0,
      "c231": 0.0,
      "c139": 0.0,
      "c101": 0.0,
      "c070": 0.0
    },
    "crossworld": {
      "c063": 0.3333333333333333,
      "c027": 0.16666666666666666,
      "c190": 0.0,
      "c128": 0.0,
      "c081": 0.16666666666666666,
      "c238": 0.5,
      "c149": 0.0,
      "c232": 0.0,
      "c243": 0.0,
      "c077": 0.0,
      "c075": 0.0,
      "c227": 0.16666666666666666,
      "c039": 0.16666666666666666,
      "c002": 0.8333333333333334,
      "c192": 0.6666666666666666,
      "c005": 0.3333333333333333,
      "c169": 0.0,
      "c026": 0.3333333333333333,
      "c082": 0.3333333333333333,
      "c021": 0.8333333333333334,
      "c067": 0.3333333333333333,
      "c250": 0.0,
      "c053": 0.6666666666666666,
      "c162": 0.0,
      "c045": 0.8333333333333334,
      "c152": 0.0,
      "c091": 0.0,
      "c239": 0.3333333333333333,
      "c060": 0.16666666666666666,
      "c041": 0.8333333333333334,
      "c034": 0.8333333333333334,
      "c160": 0.0,
      "c116": 0.5,
      "c038": 1.0,
      "c004": 0.0,
      "c145": 0.5,
      "c136": 0.0,
      "c044": 0.5,
      "c062": 0.3333333333333333,
      "c100": 0.16666666666666666,
      "c014": 0.16666666666666666,
      "c159": 0.0,
      "c057": 0.8333333333333334,
      "c099": 0.5,
      "c216": 0.16666666666666666,
      "c195": 0.0,
      "c141": 0.0,
      "c007": 0.5,
      "c096": 0.8333333333333334,
      "c103": 0.0,
      "c137": 0.16666666666666666,
      "c094": 0.16666666666666666,
      "c095": 0.16666666666666666,
      "c108": 0.5,
      "c221": 0.0,
      "c182": 0.0,
      "c231": 0.16666666666666666,
      "c139": 0.3333333333333333,
      "c101": 0.16666666666666666,
      "c070": 1.0
    },
    "corrupt": {
      "c063": 0.0,
      "c027": 0.0,
      "c190": 0.0,
      "c128": 0.0,
      "c081": 0.0,
      "c238": 0.0,
      "c149": 0.0,
      "c232": 0.0,
      "c243": 0.0,
      "c077": 0.0,
      "c075": 0.0,
      "c227": 0.0,
      "c039": 0.0,
      "c002": 0.16666666666666666,
      "c192": 0.0,
      "c005": 0.0,
      "c169": 0.0,
      "c026": 0.0,
      "c082": 0.16666666666666666,
      "c021": 0.0,
      "c067": 0.0,
      "c250": 0.0,
      "c053": 0.0,
      "c162": 0.0,
      "c045": 0.0,
      "c152": 0.0,
      "c091": 0.6666666666666666,
      "c239": 0.5,
      "c060": 0.0,
      "c041": 0.8333333333333334,
      "c034": 0.0,
      "c160": 0.0,
      "c116": 0.0,
      "c038": 0.0,
      "c004": 0.0,
      "c145": 0.0,
      "c136": 0.0,
      "c044": 1.0,
      "c062": 0.0,
      "c100": 0.0,
      "c014": 0.0,
      "c159": 0.0,
      "c057": 0.0,
      "c099": 0.0,
      "c216": 0.0,
      "c195": 0.0,
      "c141": 0.0,
      "c007": 0.0,
      "c096": 0.0,
      "c103": 0.0,
      "c137": 0.0,
      "c094": 0.0,
      "c095": 0.0,
      "c108": 0.0,
      "c221": 0.0,
      "c182": 0.0,
      "c231": 0.0,
      "c139": 0.0,
      "c101": 0.8333333333333334,
      "c070": 0.0
    }
  },
  "arms": {
    "base": {
      "acc": 0.0,
      "n_done": 60
    },
    "crossworld": {
      "acc": 0.2917,
      "n_done": 60
    },
    "corrupt": {
      "acc": 0.0694,
      "n_done": 60
    }
  },
  "base_samples": [
    {
      "world": "c063",
      "pred": "To infer the hidden rule, let's analyze the given examples:\n\n- **Example 1**: \n  - Input: `[4, 7, 2, 8, 1, 5, 0, 9]`\n  -",
      "gold": "[2, 8, 7, 4, 3, 5, 0, 9]"
    },
    {
      "world": "c027",
      "pred": "To infer the hidden rule, let's analyze the given examples:\n\n### Example 1:\n- Input: `[5, 5, 7, 3, 7, 6, 3]`\n- Output: `",
      "gold": "[9, 3, 1, 2, 6, 8, 7]"
    },
    {
      "world": "c190",
      "pred": "To infer the hidden rule, let's analyze the given examples:\n\n### Example 1\nInput: `[1, 7, 5]`\nOutput: `[1, 3, 5]`\n\nThe r",
      "gold": "[40, 42, 44, 46, 48, 50]"
    },
    {
      "world": "c128",
      "pred": "To infer the hidden rule, let's analyze the given examples step by step:\n\n### Example 1:\nInput: `[8, 51, 16, 7, 3, 0, 6]",
      "gold": "[1, 3, 41, 58, 93]"
    },
    {
      "world": "c081",
      "pred": "To infer the hidden rule, let's analyze the given examples:\n\n- **Example 1**: Input `[98, 21, 4, 0, 14, 53, 30, 12, 69, ",
      "gold": "[56]"
    },
    {
      "world": "c238",
      "pred": "To infer the hidden rule, let's analyze the given examples:\n\n### Example 1:\n- **Input:** [7, 7, 7, 7, 7, 8, 7, 8, 8]\n- *",
      "gold": "[4, 1]"
    }
  ]
}