{
  "experiment": "crossworld-listfn",
  "base": "Qwen/Qwen2.5-7B-Instruct",
  "seed": 0,
  "n_train_worlds": 128,
  "n_eval_worlds": 60,
  "steps": 350,
  "rows_per_world": 20,
  "per_world": {
    "base": {
      "c063": 0.0,
      "c027": 0.0,
      "c190": 0.0,
      "c128": 0.0,
      "c081": 0.0,
      "c238": 0.0,
      "c149": 0.0,
      "c232": 0.0,
      "c243": 0.0,
      "c077": 0.0,
      "c075": 0.0,
      "c227": 0.0,
      "c039": 0.0,
      "c002": 0.0,
      "c192": 0.0,
      "c005": 0.0,
      "c169": 0.0,
      "c026": 0.0,
      "c082": 0.0,
      "c021": 0.0,
      "c067": 0.0,
      "c250": 0.0,
      "c053": 0.0,
      "c162": 0.0,
      "c045": 0.0,
      "c152": 0.0,
      "c091": 0.0,
      "c239": 0.0,
      "c060": 0.0,
      "c041": 0.0,
      "c034": 0.0,
      "c160": 0.0,
      "c116": 0.0,
      "c038": 0.0,
      "c004": 0.0,
      "c145": 0.0,
      "c136": 0.0,
      "c044": 0.0,
      "c062": 0.0,
      "c100": 0.0,
      "c014": 0.0,
      "c159": 0.0,
      "c057": 0.0,
      "c099": 0.0,
      "c216": 0.0,
      "c195": 0.0,
      "c141": 0.0,
      "c007": 0.0,
      "c096": 0.0,
      "c103": 0.0,
      "c137": 0.0,
      "c094": 0.0,
      "c095": 0.0,
      "c108": 0.0,
      "c221": 0.0,
      "c182": 0.0,
      "c231": 0.0,
      "c139": 0.0,
      "c101": 0.0,
      "c070": 0.0
    },
    "crossworld": {
      "c063": 0.3333333333333333,
      "c027": 0.3333333333333333,
      "c190": 0.5,
      "c128": 0.0,
      "c081": 0.5,
      "c238": 0.0,
      "c149": 0.3333333333333333,
      "c232": 0.0,
      "c243": 0.0,
      "c077": 0.0,
      "c075": 0.5,
      "c227": 0.3333333333333333,
      "c039": 0.3333333333333333,
      "c002": 0.5,
      "c192": 0.3333333333333333,
      "c005": 0.16666666666666666,
      "c169": 0.16666666666666666,
      "c026": 0.6666666666666666,
      "c082": 0.5,
      "c021": 1.0,
      "c067": 0.8333333333333334,
      "c250": 0.0,
      "c053": 1.0,
      "c162": 0.0,
      "c045": 1.0,
      "c152": 0.0,
      "c091": 1.0,
      "c239": 0.0,
      "c060": 0.3333333333333333,
      "c041": 1.0,
      "c034": 1.0,
      "c160": 0.0,
      "c116": 0.6666666666666666,
      "c038": 1.0,
      "c004": 0.3333333333333333,
      "c145": 0.5,
      "c136": 0.0,
      "c044": 1.0,
      "c062": 0.3333333333333333,
      "c100": 1.0,
      "c014": 0.3333333333333333,
      "c159": 0.0,
      "c057": 0.8333333333333334,
      "c099": 0.3333333333333333,
      "c216": 0.5,
      "c195": 0.3333333333333333,
      "c141": 0.0,
      "c007": 1.0,
      "c096": 1.0,
      "c103": 0.5,
      "c137": 0.0,
      "c094": 0.8333333333333334,
      "c095": 0.3333333333333333,
      "c108": 0.8333333333333334,
      "c221": 0.16666666666666666,
      "c182": 0.5,
      "c231": 0.3333333333333333,
      "c139": 0.16666666666666666,
      "c101": 1.0,
      "c070": 1.0
    },
    "corrupt": {
      "c063": 0.0,
      "c027": 0.0,
      "c190": 0.0,
      "c128": 0.0,
      "c081": 0.0,
      "c238": 0.0,
      "c149": 0.0,
      "c232": 0.0,
      "c243": 0.0,
      "c077": 0.0,
      "c075": 0.0,
      "c227": 0.0,
      "c039": 0.0,
      "c002": 0.0,
      "c192": 0.0,
      "c005": 0.0,
      "c169": 0.0,
      "c026": 0.0,
      "c082": 0.0,
      "c021": 0.0,
      "c067": 0.0,
      "c250": 0.0,
      "c053": 0.16666666666666666,
      "c162": 0.0,
      "c045": 0.16666666666666666,
      "c152": 0.0,
      "c091": 1.0,
      "c239": 0.16666666666666666,
      "c060": 0.0,
      "c041": 1.0,
      "c034": 0.0,
      "c160": 0.0,
      "c116": 0.0,
      "c038": 0.0,
      "c004": 0.3333333333333333,
      "c145": 0.0,
      "c136": 0.0,
      "c044": 1.0,
      "c062": 0.0,
      "c100": 0.0,
      "c014": 0.0,
      "c159": 0.0,
      "c057": 0.0,
      "c099": 0.0,
      "c216": 0.0,
      "c195": 0.0,
      "c141": 0.0,
      "c007": 0.16666666666666666,
      "c096": 0.8333333333333334,
      "c103": 0.0,
      "c137": 0.0,
      "c094": 0.0,
      "c095": 0.0,
      "c108": 0.0,
      "c221": 0.16666666666666666,
      "c182": 0.0,
      "c231": 0.0,
      "c139": 0.0,
      "c101": 1.0,
      "c070": 0.0
    }
  },
  "arms": {
    "base": {
      "acc": 0.0,
      "n_done": 60
    },
    "crossworld": {
      "acc": 0.4583,
      "n_done": 60
    },
    "corrupt": {
      "acc": 0.1,
      "n_done": 60
    }
  },
  "base_samples": [
    {
      "world": "c063",
      "pred": "To infer the hidden rule, let's analyze the given examples:\n\n### Example 1:\n- Input: `[0, 7, 6, 5, 3, 1]`\n- Output: `[7,",
      "gold": "[]"
    },
    {
      "world": "c027",
      "pred": "To infer the hidden rule, let's analyze the given examples:\n\n- **Example 1**: The input `[5, 8, 9, 6, 2, 0]` results in ",
      "gold": "[1, 9, 4, 6, 2, 0, 3, 7, 5]"
    },
    {
      "world": "c190",
      "pred": "To infer the hidden rule, let's analyze the given examples step by step:\n\n### Example 1\n- Input: `[2, 6, 6, 71, 71, 6]`\n",
      "gold": "[87, 89, 91, 93, 95, 97, 99]"
    },
    {
      "world": "c128",
      "pred": "To infer the hidden rule, let's analyze the given examples:\n\n### Example 1:\n- Input: `[2, 81, 27, 77, 8, 35]`\n- Output: ",
      "gold": "[1, 7, 8, 33]"
    },
    {
      "world": "c081",
      "pred": "To infer the hidden rule, let's analyze the given examples:\n\n1. **Example 1**: \n   - Input: [71, 3, 5, 6, 26]\n   - Outpu",
      "gold": "[46]"
    },
    {
      "world": "c238",
      "pred": "To infer the hidden rule, let's analyze the given examples:\n\n### Example 1\n- **Input:** [5, 8, 8, 6, 8, 8]\n- **Output:**",
      "gold": "[3, 9]"
    }
  ]
}