{
  "experiment": "crossworld-listfn",
  "base": "Qwen/Qwen2.5-7B-Instruct",
  "seed": 0,
  "n_train_worlds": 128,
  "n_eval_worlds": 60,
  "steps": 350,
  "rows_per_world": 20,
  "per_world": {
    "base": {
      "c201": 0.0,
      "c196": 0.0,
      "c031": 0.0,
      "c246": 0.0,
      "c111": 0.0,
      "c157": 0.0,
      "c228": 0.0,
      "c049": 0.0,
      "c119": 0.0,
      "c241": 0.0,
      "c200": 0.0,
      "c087": 0.0,
      "c130": 0.0,
      "c211": 0.0,
      "c102": 0.0,
      "c203": 0.0,
      "c019": 0.0,
      "c208": 0.0,
      "c224": 0.0,
      "c097": 0.0,
      "c112": 0.0,
      "c056": 0.0,
      "c220": 0.0,
      "c245": 0.0,
      "c244": 0.0,
      "c161": 0.0,
      "c033": 0.0,
      "c118": 0.0,
      "c088": 0.0,
      "c210": 0.0,
      "c237": 0.0,
      "c001": 0.0,
      "c180": 0.0,
      "c217": 0.0,
      "c069": 0.0,
      "c155": 0.0,
      "c010": 0.0,
      "c043": 0.0,
      "c175": 0.0,
      "c028": 0.0,
      "c207": 0.0,
      "c032": 0.0,
      "c055": 0.0,
      "c234": 0.0,
      "c011": 0.0,
      "c129": 0.0,
      "c003": 0.0,
      "c173": 0.0,
      "c177": 0.0,
      "c089": 0.0,
      "c172": 0.0,
      "c124": 0.0,
      "c236": 0.0,
      "c072": 0.0,
      "c052": 0.0,
      "c223": 0.0,
      "c247": 0.0,
      "c131": 0.0,
      "c199": 0.0,
      "c140": 0.0
    },
    "crossworld": {
      "c201": 0.5,
      "c196": 1.0,
      "c031": 0.3333333333333333,
      "c246": 0.3333333333333333,
      "c111": 0.0,
      "c157": 0.0,
      "c228": 0.16666666666666666,
      "c049": 0.6666666666666666,
      "c119": 0.5,
      "c241": 0.16666666666666666,
      "c200": 0.0,
      "c087": 1.0,
      "c130": 0.5,
      "c211": 0.16666666666666666,
      "c102": 1.0,
      "c203": 0.5,
      "c019": 0.3333333333333333,
      "c208": 0.16666666666666666,
      "c224": 0.0,
      "c097": 1.0,
      "c112": 0.16666666666666666,
      "c056": 0.5,
      "c220": 0.6666666666666666,
      "c245": 0.0,
      "c244": 0.16666666666666666,
      "c161": 0.0,
      "c033": 1.0,
      "c118": 0.16666666666666666,
      "c088": 0.6666666666666666,
      "c210": 0.0,
      "c237": 0.0,
      "c001": 1.0,
      "c180": 0.16666666666666666,
      "c217": 0.16666666666666666,
      "c069": 1.0,
      "c155": 0.0,
      "c010": 0.8333333333333334,
      "c043": 1.0,
      "c175": 0.6666666666666666,
      "c028": 0.6666666666666666,
      "c207": 0.0,
      "c032": 0.16666666666666666,
      "c055": 0.5,
      "c234": 0.0,
      "c011": 0.5,
      "c129": 0.0,
      "c003": 0.3333333333333333,
      "c173": 0.16666666666666666,
      "c177": 0.5,
      "c089": 0.3333333333333333,
      "c172": 0.3333333333333333,
      "c124": 0.3333333333333333,
      "c236": 0.0,
      "c072": 1.0,
      "c052": 1.0,
      "c223": 0.0,
      "c247": 0.6666666666666666,
      "c131": 0.3333333333333333,
      "c199": 0.6666666666666666,
      "c140": 1.0
    },
    "corrupt": {
      "c201": 0.0,
      "c196": 0.16666666666666666,
      "c031": 0.0,
      "c246": 0.3333333333333333,
      "c111": 0.0,
      "c157": 0.0,
      "c228": 0.0,
      "c049": 0.0,
      "c119": 0.0,
      "c241": 0.16666666666666666,
      "c200": 0.0,
      "c087": 0.0,
      "c130": 0.0,
      "c211": 0.0,
      "c102": 0.0,
      "c203": 0.0,
      "c019": 0.0,
      "c208": 0.0,
      "c224": 0.0,
      "c097": 0.0,
      "c112": 0.16666666666666666,
      "c056": 0.0,
      "c220": 0.0,
      "c245": 0.3333333333333333,
      "c244": 0.5,
      "c161": 0.0,
      "c033": 0.0,
      "c118": 0.0,
      "c088": 0.0,
      "c210": 0.0,
      "c237": 0.0,
      "c001": 0.5,
      "c180": 0.0,
      "c217": 0.0,
      "c069": 0.16666666666666666,
      "c155": 0.0,
      "c010": 0.0,
      "c043": 1.0,
      "c175": 0.0,
      "c028": 0.0,
      "c207": 0.0,
      "c032": 0.0,
      "c055": 0.0,
      "c234": 0.0,
      "c011": 0.0,
      "c129": 0.0,
      "c003": 0.16666666666666666,
      "c173": 0.0,
      "c177": 0.0,
      "c089": 0.0,
      "c172": 0.0,
      "c124": 0.3333333333333333,
      "c236": 0.0,
      "c072": 0.0,
      "c052": 0.16666666666666666,
      "c223": 0.0,
      "c247": 0.0,
      "c131": 0.0,
      "c199": 0.0,
      "c140": 0.0
    }
  },
  "arms": {
    "base": {
      "acc": 0.0,
      "n_done": 60
    },
    "crossworld": {
      "acc": 0.4167,
      "n_done": 60
    },
    "corrupt": {
      "acc": 0.0667,
      "n_done": 60
    }
  },
  "base_samples": [
    {
      "world": "c201",
      "pred": "To infer the hidden rule, let's analyze the given examples:\n\n### Example 1:\n- Input: `[61, 31, 2, 84, 5, 77, 20, 62, 87]",
      "gold": "[95, 67, 75, 5, 9, 1]"
    },
    {
      "world": "c196",
      "pred": "To infer the hidden rule, let's analyze the given examples step by step:\n\n### Example 1:\n- Input: `[61]`\n- Output: `[17,",
      "gold": "[17, 38, 82, 71, 96, 1, 55, 27]"
    },
    {
      "world": "c031",
      "pred": "To infer the hidden rule, let's analyze the given examples:\n\n### Example 1:\n- Input: `[8, 7, 7]`\n- Output: `[8]`\n\nHere, ",
      "gold": "[2, 6, 6]"
    },
    {
      "world": "c246",
      "pred": "To infer the hidden rule, let's analyze the given examples:\n\n### Example 1\n- Input: `[4, 88, 70, 86, 3, 70, 48]`\n- Outpu",
      "gold": "[2]"
    },
    {
      "world": "c111",
      "pred": "Let's analyze the given examples to infer the hidden rule:\n\n### Example 1\nInput: `[38, 39, 1]`\nOutput: `[39]`\n\n- The fir",
      "gold": "[40, 40, 40, 40, 40]"
    },
    {
      "world": "c157",
      "pred": "To infer the hidden rule from the given examples, let's analyze the patterns in the outputs:\n\n### Example 1:\nInput: `[60",
      "gold": "[33, 1]"
    }
  ]
}