{
  "experiment": "crossworld-listfn",
  "base": "Qwen/Qwen2.5-7B-Instruct",
  "seed": 1,
  "n_train_worlds": 128,
  "n_eval_worlds": 60,
  "steps": 350,
  "rows_per_world": 20,
  "per_world": {
    "base": {
      "c037": 0.0,
      "c209": 0.0,
      "c065": 0.0,
      "c104": 0.0,
      "c219": 0.0,
      "c201": 0.0,
      "c086": 0.0,
      "c250": 0.0,
      "c163": 0.0,
      "c220": 0.0,
      "c235": 0.0,
      "c194": 0.0,
      "c230": 0.0,
      "c091": 0.0,
      "c177": 0.0,
      "c121": 0.0,
      "c135": 0.0,
      "c007": 0.0,
      "c152": 0.0,
      "c051": 0.0,
      "c186": 0.0,
      "c009": 0.0,
      "c154": 0.0,
      "c025": 0.0,
      "c242": 0.0,
      "c108": 0.0,
      "c248": 0.0,
      "c095": 0.0,
      "c059": 0.0,
      "c004": 0.0,
      "c191": 0.0,
      "c192": 0.0,
      "c171": 0.0,
      "c062": 0.0,
      "c100": 0.0,
      "c172": 0.0,
      "c032": 0.0,
      "c035": 0.0,
      "c045": 0.0,
      "c138": 0.0,
      "c101": 0.0,
      "c202": 0.0,
      "c010": 0.0,
      "c098": 0.0,
      "c218": 0.0,
      "c160": 0.0,
      "c211": 0.0,
      "c030": 0.0,
      "c049": 0.0,
      "c181": 0.0,
      "c189": 0.0,
      "c119": 0.0,
      "c058": 0.0,
      "c249": 0.0,
      "c069": 0.0,
      "c226": 0.0,
      "c170": 0.0,
      "c110": 0.0,
      "c016": 0.0,
      "c042": 0.0
    },
    "crossworld": {
      "c037": 1.0,
      "c209": 0.0,
      "c065": 0.8333333333333334,
      "c104": 0.5,
      "c219": 0.3333333333333333,
      "c201": 0.16666666666666666,
      "c086": 0.6666666666666666,
      "c250": 0.0,
      "c163": 0.16666666666666666,
      "c220": 0.5,
      "c235": 0.3333333333333333,
      "c194": 0.16666666666666666,
      "c230": 0.3333333333333333,
      "c091": 1.0,
      "c177": 0.5,
      "c121": 0.8333333333333334,
      "c135": 0.16666666666666666,
      "c007": 0.5,
      "c152": 0.16666666666666666,
      "c051": 0.5,
      "c186": 0.16666666666666666,
      "c009": 0.6666666666666666,
      "c154": 0.0,
      "c025": 0.8333333333333334,
      "c242": 0.16666666666666666,
      "c108": 0.5,
      "c248": 0.0,
      "c095": 0.6666666666666666,
      "c059": 0.6666666666666666,
      "c004": 0.3333333333333333,
      "c191": 0.16666666666666666,
      "c192": 1.0,
      "c171": 0.5,
      "c062": 0.8333333333333334,
      "c100": 0.6666666666666666,
      "c172": 0.16666666666666666,
      "c032": 0.3333333333333333,
      "c035": 0.5,
      "c045": 1.0,
      "c138": 0.0,
      "c101": 1.0,
      "c202": 0.0,
      "c010": 0.3333333333333333,
      "c098": 0.16666666666666666,
      "c218": 0.6666666666666666,
      "c160": 0.0,
      "c211": 0.16666666666666666,
      "c030": 0.16666666666666666,
      "c049": 0.3333333333333333,
      "c181": 0.0,
      "c189": 0.3333333333333333,
      "c119": 0.3333333333333333,
      "c058": 0.5,
      "c249": 0.0,
      "c069": 0.8333333333333334,
      "c226": 0.0,
      "c170": 0.8333333333333334,
      "c110": 0.5,
      "c016": 1.0,
      "c042": 0.6666666666666666
    },
    "corrupt": {
      "c037": 0.16666666666666666,
      "c209": 0.0,
      "c065": 0.0,
      "c104": 0.0,
      "c219": 0.0,
      "c201": 0.0,
      "c086": 0.0,
      "c250": 0.0,
      "c163": 0.0,
      "c220": 0.0,
      "c235": 0.0,
      "c194": 0.0,
      "c230": 0.0,
      "c091": 1.0,
      "c177": 0.0,
      "c121": 0.16666666666666666,
      "c135": 0.0,
      "c007": 0.0,
      "c152": 0.0,
      "c051": 0.0,
      "c186": 0.0,
      "c009": 0.0,
      "c154": 0.0,
      "c025": 0.0,
      "c242": 0.0,
      "c108": 0.0,
      "c248": 0.0,
      "c095": 0.0,
      "c059": 0.0,
      "c004": 0.16666666666666666,
      "c191": 0.0,
      "c192": 0.0,
      "c171": 0.0,
      "c062": 0.0,
      "c100": 0.0,
      "c172": 0.0,
      "c032": 0.0,
      "c035": 0.0,
      "c045": 0.16666666666666666,
      "c138": 0.0,
      "c101": 1.0,
      "c202": 0.0,
      "c010": 0.0,
      "c098": 0.0,
      "c218": 0.0,
      "c160": 0.0,
      "c211": 0.0,
      "c030": 0.0,
      "c049": 0.0,
      "c181": 0.0,
      "c189": 0.0,
      "c119": 0.0,
      "c058": 0.0,
      "c249": 0.0,
      "c069": 0.16666666666666666,
      "c226": 0.0,
      "c170": 0.0,
      "c110": 0.0,
      "c016": 0.0,
      "c042": 1.0
    }
  },
  "arms": {
    "base": {
      "acc": 0.0,
      "n_done": 60
    },
    "crossworld": {
      "acc": 0.4278,
      "n_done": 60
    },
    "corrupt": {
      "acc": 0.0639,
      "n_done": 60
    }
  },
  "base_samples": [
    {
      "world": "c037",
      "pred": "To infer the hidden rule, let's analyze the given examples:\n\n- **Example 1**: Input `[2, 9, 1, 4, 5, 7, 8]` results in `",
      "gold": "[7, 3]"
    },
    {
      "world": "c209",
      "pred": "To infer the hidden rule, let's analyze the given examples step-by-step:\n\n### Example 1:\n- Input: `[7, 76, 86]`\n- Output",
      "gold": "[2, 69, 91, 80, 89]"
    },
    {
      "world": "c065",
      "pred": "To infer the hidden rule from the given examples, let's analyze the pattern in the outputs:\n\n1. **Example 1**:\n   - Inpu",
      "gold": "[9, 7]"
    },
    {
      "world": "c104",
      "pred": "To infer the hidden rule, let's analyze the given examples:\n\n- **Example 1**: Input `[38, 71, 39, 8, 9]` results in `Out",
      "gold": "[80]"
    },
    {
      "world": "c219",
      "pred": "To infer the hidden rule, let's analyze the given examples:\n\n### Example 1:\n- Input: `[2, 9, 8, 7, 1, 25, 27]`\n- Output:",
      "gold": "[35, 82, 55, 53]"
    },
    {
      "world": "c201",
      "pred": "To infer the hidden rule, let's analyze the given examples:\n\n- **Example 1**: The input is `[46, 83, 10, 50, 6, 14, 56, ",
      "gold": "[91, 99, 90, 62, 12, 19, 8]"
    }
  ]
}