{
  "experiment": "crossworld-listfn",
  "base": "Qwen/Qwen2.5-7B-Instruct",
  "seed": 0,
  "n_train_worlds": 32,
  "n_eval_worlds": 60,
  "steps": 350,
  "rows_per_world": 20,
  "per_world": {
    "base": {
      "c063": 0.0,
      "c027": 0.0,
      "c190": 0.0,
      "c128": 0.0,
      "c081": 0.0,
      "c238": 0.0,
      "c149": 0.0,
      "c232": 0.0,
      "c243": 0.0,
      "c077": 0.0,
      "c075": 0.0,
      "c227": 0.0,
      "c039": 0.0,
      "c002": 0.0,
      "c192": 0.0,
      "c005": 0.0,
      "c169": 0.0,
      "c026": 0.0,
      "c082": 0.0,
      "c021": 0.0,
      "c067": 0.0,
      "c250": 0.0,
      "c053": 0.0,
      "c162": 0.0,
      "c045": 0.0,
      "c152": 0.0,
      "c091": 0.0,
      "c239": 0.0,
      "c060": 0.0,
      "c041": 0.0,
      "c034": 0.0,
      "c160": 0.0,
      "c116": 0.0,
      "c038": 0.0,
      "c004": 0.0,
      "c145": 0.0,
      "c136": 0.0,
      "c044": 0.0,
      "c062": 0.0,
      "c100": 0.0,
      "c014": 0.0,
      "c159": 0.0,
      "c057": 0.0,
      "c099": 0.0,
      "c216": 0.0,
      "c195": 0.0,
      "c141": 0.0,
      "c007": 0.0,
      "c096": 0.0,
      "c103": 0.0,
      "c137": 0.0,
      "c094": 0.0,
      "c095": 0.0,
      "c108": 0.0,
      "c221": 0.0,
      "c182": 0.0,
      "c231": 0.0,
      "c139": 0.0,
      "c101": 0.0,
      "c070": 0.0
    },
    "crossworld": {
      "c063": 0.3333333333333333,
      "c027": 0.5,
      "c190": 0.16666666666666666,
      "c128": 0.0,
      "c081": 0.8333333333333334,
      "c238": 0.0,
      "c149": 0.5,
      "c232": 0.0,
      "c243": 0.3333333333333333,
      "c077": 0.16666666666666666,
      "c075": 0.5,
      "c227": 0.16666666666666666,
      "c039": 0.3333333333333333,
      "c002": 0.8333333333333334,
      "c192": 0.6666666666666666,
      "c005": 0.8333333333333334,
      "c169": 0.0,
      "c026": 0.5,
      "c082": 0.8333333333333334,
      "c021": 1.0,
      "c067": 1.0,
      "c250": 0.0,
      "c053": 1.0,
      "c162": 0.0,
      "c045": 1.0,
      "c152": 0.0,
      "c091": 0.6666666666666666,
      "c239": 0.0,
      "c060": 0.16666666666666666,
      "c041": 1.0,
      "c034": 1.0,
      "c160": 0.0,
      "c116": 0.5,
      "c038": 1.0,
      "c004": 0.16666666666666666,
      "c145": 1.0,
      "c136": 0.3333333333333333,
      "c044": 1.0,
      "c062": 0.0,
      "c100": 0.8333333333333334,
      "c014": 0.5,
      "c159": 0.0,
      "c057": 0.3333333333333333,
      "c099": 0.3333333333333333,
      "c216": 0.3333333333333333,
      "c195": 0.0,
      "c141": 0.0,
      "c007": 1.0,
      "c096": 1.0,
      "c103": 0.16666666666666666,
      "c137": 0.3333333333333333,
      "c094": 0.0,
      "c095": 0.3333333333333333,
      "c108": 0.6666666666666666,
      "c221": 0.0,
      "c182": 0.16666666666666666,
      "c231": 0.16666666666666666,
      "c139": 0.16666666666666666,
      "c101": 0.6666666666666666,
      "c070": 1.0
    },
    "corrupt": {
      "c063": 0.0,
      "c027": 0.0,
      "c190": 0.0,
      "c128": 0.0,
      "c081": 0.0,
      "c238": 0.0,
      "c149": 0.0,
      "c232": 0.0,
      "c243": 0.0,
      "c077": 0.0,
      "c075": 0.0,
      "c227": 0.0,
      "c039": 0.0,
      "c002": 0.0,
      "c192": 0.0,
      "c005": 0.0,
      "c169": 0.0,
      "c026": 0.0,
      "c082": 0.0,
      "c021": 0.0,
      "c067": 0.0,
      "c250": 0.0,
      "c053": 0.0,
      "c162": 0.0,
      "c045": 0.16666666666666666,
      "c152": 0.0,
      "c091": 1.0,
      "c239": 0.16666666666666666,
      "c060": 0.0,
      "c041": 1.0,
      "c034": 0.0,
      "c160": 0.0,
      "c116": 0.0,
      "c038": 0.0,
      "c004": 0.0,
      "c145": 0.0,
      "c136": 0.0,
      "c044": 1.0,
      "c062": 0.0,
      "c100": 0.0,
      "c014": 0.0,
      "c159": 0.0,
      "c057": 0.0,
      "c099": 0.0,
      "c216": 0.0,
      "c195": 0.0,
      "c141": 0.0,
      "c007": 0.0,
      "c096": 0.16666666666666666,
      "c103": 0.16666666666666666,
      "c137": 0.0,
      "c094": 0.0,
      "c095": 0.0,
      "c108": 0.0,
      "c221": 0.0,
      "c182": 0.0,
      "c231": 0.0,
      "c139": 0.0,
      "c101": 1.0,
      "c070": 0.0
    }
  },
  "arms": {
    "base": {
      "acc": 0.0,
      "n_done": 60
    },
    "crossworld": {
      "acc": 0.4389,
      "n_done": 60
    },
    "corrupt": {
      "acc": 0.0778,
      "n_done": 60
    }
  },
  "base_samples": [
    {
      "world": "c063",
      "pred": "To infer the hidden rule, let's analyze the given examples:\n\n1. **Example 1**:\n   - Input: `[0, 7]`\n   - Output: `[7]`\n ",
      "gold": "[9]"
    },
    {
      "world": "c027",
      "pred": "To infer the hidden rule, let's analyze the given examples:\n\n### Example 1:\n- Input: `[9, 9, 6, 8, 2, 4, 1, 0]`\n- Output",
      "gold": "[0, 3, 5, 1]"
    },
    {
      "world": "c190",
      "pred": "To infer the hidden rule, let's analyze the given examples step by step:\n\n### Example 1\n**Input:** [5, 4, 7, 15]\n**Outpu",
      "gold": "[54, 56, 58, 60, 62, 64, 66]"
    },
    {
      "world": "c128",
      "pred": "To infer the hidden rule, let's analyze the given examples:\n\n### Example 1:\nInput: `[90, 17, 5, 8, 25, 2, 1, 12, 7, 79]`",
      "gold": "[2, 4, 5, 46, 53, 63]"
    },
    {
      "world": "c081",
      "pred": "To infer the hidden rule, let's analyze the given examples:\n\n1. **Example 1**: Input `[98, 21, 4, 0, 14, 53, 30, 12, 69,",
      "gold": "[95]"
    },
    {
      "world": "c238",
      "pred": "To infer the hidden rule, let's analyze the given examples:\n\n### Example 1\nInput: `[1, 95, 4, 0, 54, 4, 3, 54, 95, 95]`\n",
      "gold": "[12, 3, 0, 5, 1, 4, 7]"
    }
  ]
}